id,visitor_id,user_id,timestamp,event_type,product_id,order_id_for_refund,is_recommended
1,visitor_1,,2026-01-01T00:00:00,view,1,,no
2,,1,2026-01-01T00:00:00,add_to_cart,2,,no
3,visitor_2,,2026-01-01T00:00:00,delete_from_cart,3,,no
4,,2,2026-01-01T00:00:00,quantity,4,,no
5,visitor_3,,2026-01-01T00:00:00,transaction,5,,yes
6,,3,2026-01-01T00:00:00,refund_request,,1,no
7,visitor_4,,2026-01-01T00:00:00,view,7,,no
8,,4,2026-01-01T00:00:00,add_to_cart,8,,no
9,visitor_5,,2026-01-01T00:00:00,delete_from_cart,9,,no
10,,5,2026-01-01T00:00:00,quantity,10,,yes
11,visitor_6,,2026-01-01T00:00:00,transaction,11,,no
12,,6,2026-01-01T00:00:00,refund_request,,2,no
13,visitor_7,,2026-01-01T00:00:00,view,13,,no
14,,7,2026-01-01T00:00:00,add_to_cart,14,,no
15,visitor_8,,2026-01-01T00:00:00,delete_from_cart,15,,yes
16,,8,2026-01-01T00:00:00,quantity,16,,no
17,visitor_9,,2026-01-01T00:00:00,transaction,17,,no
18,,9,2026-01-01T00:00:00,refund_request,,3,no
19,visitor_10,,2026-01-01T00:00:00,view,19,,no
20,,10,2026-01-01T00:00:00,add_to_cart,20,,yes
21,visitor_11,,2026-01-01T00:00:00,delete_from_cart,21,,no
22,,11,2026-01-01T00:00:00,quantity,22,,no
23,visitor_12,,2026-01-01T00:00:00,transaction,23,,no
24,,12,2026-01-01T00:00:00,refund_request,,4,no
25,visitor_13,,2026-01-01T00:00:00,view,25,,no
26,,13,2026-01-01T00:00:00,add_to_cart,26,,no
27,visitor_14,,2026-01-01T00:00:00,delete_from_cart,27,,no
28,,14,2026-01-01T00:00:00,quantity,28,,yes
29,visitor_15,,2026-01-01T00:00:00,transaction,29,,no
30,,15,2026-01-01T00:00:00,refund_request,,5,yes
31,visitor_16,,2026-01-01T00:00:00,view,31,,no
32,,16,2026-01-01T00:00:00,add_to_cart,32,,no
33,visitor_17,,2026-01-01T00:00:00,delete_from_cart,33,,no
34,,17,2026-01-01T00:00:00,quantity,34,,no
35,visitor_18,,2026-01-01T00:00:00,transaction,35,,yes
36,,18,2026-01-01T00:00:00,refund_request,,6,no
37,visitor_19,,2026-01-01T00:00:00,view,37,,no
38,,19,2026-01-01T00:00:00,add_to_cart,38,,no
39,visitor_20,,2026-01-01T00:00:00,delete_from_cart,39,,no
40,,20,2026-01-01T00:00:00,quantity,40,,yes
41,visitor_21,,2026-01-01T00:00:00,transaction,41,,no
42,,21,2026-01-01T00:00:00,refund_request,,7,no
43,visitor_22,,2026-01-01T00:00:00,view,43,,no
44,,22,2026-01-01T00:00:00,add_to_cart,44,,yes
45,visitor_23,,2026-01-01T00:00:00,delete_from_cart,45,,no
46,,23,2026-01-01T00:00:00,quantity,46,,no
47,visitor_24,,2026-01-01T00:00:00,transaction,47,,no
48,,24,2026-01-01T00:00:00,refund_request,,8,no
49,visitor_25,,2026-01-01T00:00:00,view,49,,no
50,,25,2026-01-01T00:00:00,add_to_cart,50,,yes
51,visitor_26,,2026-01-01T00:00:00,delete_from_cart,51,,no
52,,26,2026-01-01T00:00:00,quantity,52,,no
53,visitor_27,,2026-01-01T00:00:00,transaction,53,,no
54,,27,2026-01-01T00:00:00,refund_request,,9,no
55,visitor_28,,2026-01-01T00:00:00,view,55,,no
56,,28,2026-01-01T00:00:00,add_to_cart,56,,no
57,visitor_29,,2026-01-01T00:00:00,delete_from_cart,57,,no
58,,29,2026-01-01T00:00:00,quantity,58,,no
59,visitor_30,,2026-01-01T00:00:00,transaction,59,,yes
60,,30,2026-01-01T00:00:00,refund_request,,10,yes
61,visitor_31,,2026-01-01T00:00:00,view,61,,no
62,,31,2026-01-01T00:00:00,add_to_cart,62,,no
63,visitor_32,,2026-01-01T00:00:00,delete_from_cart,63,,no
64,,32,2026-01-01T00:00:00,quantity,64,,yes
65,visitor_33,,2026-01-01T00:00:00,transaction,65,,yes
66,,33,2026-01-01T00:00:00,refund_request,,11,no
67,visitor_34,,2026-01-01T00:00:00,view,67,,no
68,,34,2026-01-01T00:00:00,add_to_cart,68,,no
69,visitor_35,,2026-01-01T00:00:00,delete_from_cart,69,,no
70,,35,2026-01-01T00:00:00,quantity,70,,yes
71,visitor_36,,2026-01-01T00:00:00,transaction,71,,no
72,,36,2026-01-01T00:00:00,refund_request,,12,no
73,visitor_37,,2026-01-01T00:00:00,view,73,,no
74,,37,2026-01-01T00:00:00,add_to_cart,74,,no
75,visitor_38,,2026-01-01T00:00:00,delete_from_cart,75,,yes
76,,38,2026-01-01T00:00:00,quantity,76,,no
77,visitor_39,,2026-01-01T00:00:00,transaction,77,,no
78,,39,2026-01-01T00:00:00,refund_request,,13,no
79,visitor_40,,2026-01-01T00:00:00,view,79,,no
80,,40,2026-01-01T00:00:00,add_to_cart,80,,yes
81,visitor_41,,2026-01-01T00:00:00,delete_from_cart,81,,no
82,,41,2026-01-01T00:00:00,quantity,82,,no
83,visitor_42,,2026-01-01T00:00:00,transaction,83,,no
84,,42,2026-01-01T00:00:00,refund_request,,14,no
85,visitor_43,,2026-01-01T00:00:00,view,85,,no
86,,43,2026-01-01T00:00:00,add_to_cart,86,,no
87,visitor_44,,2026-01-01T00:00:00,delete_from_cart,87,,no
88,,44,2026-01-01T00:00:00,quantity,88,,yes
89,visitor_45,,2026-01-01T00:00:00,transaction,89,,no
90,,45,2026-01-01T00:00:00,refund_request,,15,yes
91,visitor_46,,2026-01-01T00:00:00,view,91,,no
92,,46,2026-01-01T00:00:00,add_to_cart,92,,no
93,visitor_47,,2026-01-01T00:00:00,delete_from_cart,93,,no
94,,47,2026-01-01T00:00:00,quantity,94,,no
95,visitor_48,,2026-01-01T00:00:00,transaction,95,,yes
96,,48,2026-01-01T00:00:00,refund_request,,16,no
97,visitor_49,,2026-01-01T00:00:00,view,97,,no
98,,49,2026-01-01T00:00:00,add_to_cart,98,,no
99,visitor_50,,2026-01-01T00:00:00,delete_from_cart,99,,no
100,,50,2026-01-01T00:00:00,quantity,100,,yes
101,visitor_51,,2026-01-01T00:00:00,transaction,101,,yes
102,,51,2026-01-01T00:00:00,refund_request,,17,no
103,visitor_52,,2026-01-01T00:00:00,view,103,,no
104,,52,2026-01-01T00:00:00,add_to_cart,104,,yes
105,visitor_53,,2026-01-01T00:00:00,delete_from_cart,105,,yes
106,,53,2026-01-01T00:00:00,quantity,106,,no
107,visitor_54,,2026-01-01T00:00:00,transaction,107,,no
108,,54,2026-01-01T00:00:00,refund_request,,18,no
109,visitor_55,,2026-01-01T00:00:00,view,109,,no
110,,55,2026-01-01T00:00:00,add_to_cart,110,,yes
111,visitor_56,,2026-01-01T00:00:00,delete_from_cart,111,,no
112,,56,2026-01-01T00:00:00,quantity,112,,no
113,visitor_57,,2026-01-01T00:00:00,transaction,113,,no
114,,57,2026-01-01T00:00:00,refund_request,,19,no
115,visitor_58,,2026-01-01T00:00:00,view,115,,no
116,,58,2026-01-01T00:00:00,add_to_cart,116,,no
117,visitor_59,,2026-01-01T00:00:00,delete_from_cart,117,,no
118,,59,2026-01-01T00:00:00,quantity,118,,no
119,visitor_60,,2026-01-01T00:00:00,transaction,119,,yes
120,,60,2026-01-01T00:00:00,refund_request,,10,yes
121,visitor_61,,2026-01-01T00:00:00,view,121,,no
122,,61,2026-01-01T00:00:00,add_to_cart,122,,no
123,visitor_62,,2026-01-01T00:00:00,delete_from_cart,123,,no
124,,62,2026-01-01T00:00:00,quantity,124,,yes
125,visitor_63,,2026-01-01T00:00:00,transaction,125,,yes
126,,63,2026-01-01T00:00:00,refund_request,,21,no
127,visitor_64,,2026-01-01T00:00:00,view,127,,no
128,,64,2026-01-01T00:00:00,add_to_cart,128,,no
129,visitor_65,,2026-01-01T00:00:00,delete_from_cart,129,,no
130,,65,2026-01-01T00:00:00,quantity,130,,yes
131,visitor_66,,2026-01-01T00:00:00,transaction,131,,no
132,,66,2026-01-01T00:00:00,refund_request,,22,no
133,visitor_67,,2026-01-01T00:00:00,view,133,,no
134,,67,2026-01-01T00:00:00,add_to_cart,134,,no
135,visitor_68,,2026-01-01T00:00:00,delete_from_cart,135,,yes
136,,68,2026-01-01T00:00:00,quantity,136,,no
137,visitor_69,,2026-01-01T00:00:00,transaction,137,,no
138,,69,2026-01-01T00:00:00,refund_request,,23,no
139,visitor_70,,2026-01-01T00:00:00,view,139,,no
140,,70,2026-01-01T00:00:00,add_to_cart,140,,yes
141,visitor_71,,2026-01-01T00:00:00,delete_from_cart,141,,no
142,,71,2026-01-01T00:00:00,quantity,142,,no
143,visitor_72,,2026-01-01T00:00:00,transaction,143,,no
144,,72,2026-01-01T00:00:00,refund_request,,24,no
145,visitor_73,,2026-01-01T00:00:00,view,145,,no
146,,73,2026-01-01T00:00:00,add_to_cart,146,,no
147,visitor_74,,2026-01-01T00:00:00,delete_from_cart,147,,no
148,,74,2026-01-01T00:00:00,quantity,148,,yes
149,visitor_75,,2026-01-01T00:00:00,transaction,149,,no
150,,75,2026-01-01T00:00:00,refund_request,,25,yes
151,visitor_76,,2026-01-01T00:00:00,view,151,,no
152,,76,2026-01-01T00:00:00,add_to_cart,152,,no
153,visitor_77,,2026-01-01T00:00:00,delete_from_cart,153,,no
154,,77,2026-01-01T00:00:00,quantity,154,,no
155,visitor_78,,2026-01-01T00:00:00,transaction,155,,yes
156,,78,2026-01-01T00:00:00,refund_request,,26,no
157,visitor_79,,2026-01-01T00:00:00,view,157,,no
158,,79,2026-01-01T00:00:00,add_to_cart,158,,no
159,visitor_80,,2026-01-01T00:00:00,delete_from_cart,159,,no
160,,80,2026-01-01T00:00:00,quantity,160,,yes
161,visitor_81,,2026-01-01T00:00:00,transaction,161,,no
162,,81,2026-01-01T00:00:00,refund_request,,27,no
163,visitor_82,,2026-01-01T00:00:00,view,163,,no
164,,82,2026-01-01T00:00:00,add_to_cart,164,,yes
165,visitor_83,,2026-01-01T00:00:00,delete_from_cart,165,,no
166,,83,2026-01-01T00:00:00,quantity,166,,no
167,visitor_84,,2026-01-01T00:00:00,transaction,167,,no
168,,84,2026-01-01T00:00:00,refund_request,,28,no
169,visitor_85,,2026-01-01T00:00:00,view,169,,no
170,,85,2026-01-01T00:00:00,add_to_cart,170,,yes
171,visitor_86,,2026-01-01T00:00:00,delete_from_cart,171,,no
172,,86,2026-01-01T00:00:00,quantity,172,,no
173,visitor_87,,2026-01-01T00:00:00,transaction,173,,no
174,,87,2026-01-01T00:00:00,refund_request,,29,no
175,visitor_88,,2026-01-01T00:00:00,view,175,,no
176,,88,2026-01-01T00:00:00,add_to_cart,176,,no
177,visitor_89,,2026-01-01T00:00:00,delete_from_cart,177,,no
178,,89,2026-01-01T00:00:00,quantity,178,,no
179,visitor_90,,2026-01-01T00:00:00,transaction,179,,yes
180,,90,2026-01-01T00:00:00,refund_request,,30,yes
181,visitor_91,,2026-01-01T00:00:00,view,181,,no
182,,91,2026-01-01T00:00:00,add_to_cart,182,,no
183,visitor_92,,2026-01-01T00:00:00,delete_from_cart,183,,no
184,,92,2026-01-01T00:00:00,quantity,184,,yes
185,visitor_93,,2026-01-01T00:00:00,transaction,185,,yes
186,,93,2026-01-01T00:00:00,refund_request,,31,no
187,visitor_94,,2026-01-01T00:00:00,view,187,,no
188,,94,2026-01-01T00:00:00,add_to_cart,188,,no
189,visitor_95,,2026-01-01T00:00:00,delete_from_cart,189,,no
190,,95,2026-01-01T00:00:00,quantity,190,,yes
191,visitor_96,,2026-01-01T00:00:00,transaction,191,,no
192,,96,2026-01-01T00:00:00,refund_request,,32,no
193,visitor_97,,2026-01-01T00:00:00,view,193,,no
194,,97,2026-01-01T00:00:00,add_to_cart,194,,no
195,visitor_98,,2026-01-01T00:00:00,delete_from_cart,195,,yes
196,,98,2026-01-01T00:00:00,quantity,196,,no
197,visitor_99,,2026-01-01T00:00:00,transaction,197,,no
198,,99,2026-01-01T00:00:00,refund_request,,33,no
199,visitor_100,,2026-01-01T00:00:00,view,199,,no
200,,100,2026-01-01T00:00:00,add_to_cart,200,,yes
201,visitor_101,,2026-01-01T00:00:00,delete_from_cart,201,,no
202,,101,2026-01-01T00:00:00,quantity,202,,no
203,visitor_102,,2026-01-01T00:00:00,transaction,203,,no
204,,102,2026-01-01T00:00:00,refund_request,,34,no
205,visitor_103,,2026-01-01T00:00:00,view,205,,no
206,,103,2026-01-01T00:00:00,add_to_cart,206,,no
207,visitor_104,,2026-01-01T00:00:00,delete_from_cart,207,,no
208,,104,2026-01-01T00:00:00,quantity,208,,yes
209,visitor_105,,2026-01-01T00:00:00,transaction,209,,no
210,,105,2026-01-01T00:00:00,refund_request,,35,yes
211,visitor_106,,2026-01-01T00:00:00,view,211,,no
212,,106,2026-01-01T00:00:00,add_to_cart,212,,no
213,visitor_107,,2026-01-01T00:00:00,delete_from_cart,213,,no
214,,107,2026-01-01T00:00:00,quantity,214,,no
215,visitor_108,,2026-01-01T00:00:00,transaction,215,,yes
216,,108,2026-01-01T00:00:00,refund_request,,36,no
217,visitor_109,,2026-01-01T00:00:00,view,217,,no
218,,109,2026-01-01T00:00:00,add_to_cart,218,,no
219,visitor_110,,2026-01-01T00:00:00,delete_from_cart,219,,no
220,,110,2026-01-01T00:00:00,quantity,220,,yes
221,visitor_111,,2026-01-01T00:00:00,transaction,221,,no
222,,111,2026-01-01T00:00:00,refund_request,,37,no
223,visitor_112,,2026-01-01T00:00:00,view,223,,no
224,,112,2026-01-01T00:00:00,add_to_cart,224,,yes
225,visitor_113,,2026-01-01T00:00:00,delete_from_cart,225,,yes
226,,113,2026-01-01T00:00:00,quantity,226,,no
227,visitor_114,,2026-01-01T00:00:00,transaction,227,,no
228,,114,2026-01-01T00:00:00,refund_request,,38,no
229,visitor_115,,2026-01-01T00:00:00,view,229,,no
230,,115,2026-01-01T00:00:00,add_to_cart,230,,yes
231,visitor_116,,2026-01-01T00:00:00,delete_from_cart,231,,no
232,,116,2026-01-01T00:00:00,quantity,232,,no
233,visitor_117,,2026-01-01T00:00:00,transaction,233,,no
234,,117,2026-01-01T00:00:00,refund_request,,39,no
235,visitor_118,,2026-01-01T00:00:00,view,235,,no
236,,118,2026-01-01T00:00:00,add_to_cart,236,,no
237,visitor_119,,2026-01-01T00:00:00,delete_from_cart,237,,no
238,,119,2026-01-01T00:00:00,quantity,238,,no
239,visitor_120,,2026-01-01T00:00:00,transaction,239,,yes
240,,120,2026-01-01T00:00:00,refund_request,,40,yes
241,visitor_121,,2026-01-01T00:00:00,view,241,,no
242,,121,2026-01-01T00:00:00,add_to_cart,242,,no
243,visitor_122,,2026-01-01T00:00:00,delete_from_cart,243,,no
244,,122,2026-01-01T00:00:00,quantity,244,,yes
245,visitor_123,,2026-01-01T00:00:00,transaction,245,,yes
246,,123,2026-01-01T00:00:00,refund_request,,41,no
247,visitor_124,,2026-01-01T00:00:00,view,247,,no
248,,124,2026-01-01T00:00:00,add_to_cart,248,,no
249,visitor_125,,2026-01-01T00:00:00,delete_from_cart,249,,no
250,,125,2026-01-01T00:00:00,quantity,250,,yes
251,visitor_126,,2026-01-01T00:00:00,transaction,251,,no
252,,126,2026-01-01T00:00:00,refund_request,,42,no
253,visitor_127,,2026-01-01T00:00:00,view,253,,no
254,,127,2026-01-01T00:00:00,add_to_cart,254,,no
255,visitor_128,,2026-01-01T00:00:00,delete_from_cart,255,,yes
256,,128,2026-01-01T00:00:00,quantity,256,,no
257,visitor_129,,2026-01-01T00:00:00,transaction,257,,no
258,,129,2026-01-01T00:00:00,refund_request,,43,no
259,visitor_130,,2026-01-01T00:00:00,view,259,,no
260,,130,2026-01-01T00:00:00,add_to_cart,260,,yes
261,visitor_131,,2026-01-01T00:00:00,delete_from_cart,261,,no
262,,131,2026-01-01T00:00:00,quantity,262,,no
263,visitor_132,,2026-01-01T00:00:00,transaction,263,,no
264,,132,2026-01-01T00:00:00,refund_request,,44,no
265,visitor_133,,2026-01-01T00:00:00,view,265,,no
266,,133,2026-01-01T00:00:00,add_to_cart,266,,no
267,visitor_134,,2026-01-01T00:00:00,delete_from_cart,267,,no
268,,134,2026-01-01T00:00:00,quantity,268,,yes
269,visitor_135,,2026-01-01T00:00:00,transaction,269,,no
270,,135,2026-01-01T00:00:00,refund_request,,45,yes
271,visitor_136,,2026-01-01T00:00:00,view,271,,no
272,,136,2026-01-01T00:00:00,add_to_cart,272,,no
273,visitor_137,,2026-01-01T00:00:00,delete_from_cart,273,,no
274,,137,2026-01-01T00:00:00,quantity,274,,no
275,visitor_138,,2026-01-01T00:00:00,transaction,275,,yes
276,,138,2026-01-01T00:00:00,refund_request,,46,no
277,visitor_139,,2026-01-01T00:00:00,view,277,,no
278,,139,2026-01-01T00:00:00,add_to_cart,278,,no
279,visitor_140,,2026-01-01T00:00:00,delete_from_cart,279,,no
280,,140,2026-01-01T00:00:00,quantity,280,,yes
281,visitor_141,,2026-01-01T00:00:00,transaction,281,,no
282,,141,2026-01-01T00:00:00,refund_request,,47,no
283,visitor_142,,2026-01-01T00:00:00,view,283,,no
284,,142,2026-01-01T00:00:00,add_to_cart,284,,yes
285,visitor_143,,2026-01-01T00:00:00,delete_from_cart,285,,yes
286,,143,2026-01-01T00:00:00,quantity,286,,no
287,visitor_144,,2026-01-01T00:00:00,transaction,287,,no
288,,144,2026-01-01T00:00:00,refund_request,,48,no
289,visitor_145,,2026-01-01T00:00:00,view,289,,no
290,,145,2026-01-01T00:00:00,add_to_cart,290,,yes
291,visitor_146,,2026-01-01T00:00:00,delete_from_cart,291,,no
292,,146,2026-01-01T00:00:00,quantity,292,,no
293,visitor_147,,2026-01-01T00:00:00,transaction,293,,no
294,,147,2026-01-01T00:00:00,refund_request,,49,no
295,visitor_148,,2026-01-01T00:00:00,view,295,,no
296,,148,2026-01-01T00:00:00,add_to_cart,296,,no
297,visitor_149,,2026-01-01T00:00:00,delete_from_cart,297,,no
298,,149,2026-01-01T00:00:00,quantity,298,,no
299,visitor_150,,2026-01-01T00:00:00,transaction,299,,yes
300,,150,2026-01-01T00:00:00,refund_request,,50,yes
301,visitor_151,,2026-01-01T00:00:00,view,301,,no
302,,151,2026-01-01T00:00:00,add_to_cart,302,,no
303,visitor_152,,2026-01-01T00:00:00,delete_from_cart,303,,no
304,,152,2026-01-01T00:00:00,quantity,304,,yes
305,visitor_153,,2026-01-01T00:00:00,transaction,305,,yes
306,,153,2026-01-01T00:00:00,refund_request,,51,no
307,visitor_154,,2026-01-01T00:00:00,view,307,,no
308,,154,2026-01-01T00:00:00,add_to_cart,308,,no
309,visitor_155,,2026-01-01T00:00:00,delete_from_cart,309,,no
310,,155,2026-01-01T00:00:00,quantity,310,,yes
311,visitor_156,,2026-01-01T00:00:00,transaction,311,,no
312,,156,2026-01-01T00:00:00,refund_request,,52,no
313,visitor_157,,2026-01-01T00:00:00,view,313,,no
314,,157,2026-01-01T00:00:00,add_to_cart,314,,no
315,visitor_158,,2026-01-01T00:00:00,delete_from_cart,315,,yes
316,,158,2026-01-01T00:00:00,quantity,316,,no
317,visitor_159,,2026-01-01T00:00:00,transaction,317,,no
318,,159,2026-01-01T00:00:00,refund_request,,53,no
319,visitor_160,,2026-01-01T00:00:00,view,319,,no
320,,160,2026-01-01T00:00:00,add_to_cart,320,,yes
321,visitor_161,,2026-01-01T00:00:00,delete_from_cart,321,,no
322,,161,2026-01-01T00:00:00,quantity,322,,no
323,visitor_162,,2026-01-01T00:00:00,transaction,323,,no
324,,162,2026-01-01T00:00:00,refund_request,,54,no
325,visitor_163,,2026-01-01T00:00:00,view,325,,no
326,,163,2026-01-01T00:00:00,add_to_cart,326,,no
327,visitor_164,,2026-01-01T00:00:00,delete_from_cart,327,,no
328,,164,2026-01-01T00:00:00,quantity,328,,yes
329,visitor_165,,2026-01-01T00:00:00,transaction,329,,no
330,,165,2026-01-01T00:00:00,refund_request,,55,yes
331,visitor_166,,2026-01-01T00:00:00,view,331,,no
332,,166,2026-01-01T00:00:00,add_to_cart,332,,no
333,visitor_167,,2026-01-01T00:00:00,delete_from_cart,333,,no
334,,167,2026-01-01T00:00:00,quantity,334,,no
335,visitor_168,,2026-01-01T00:00:00,transaction,335,,yes
336,,168,2026-01-01T00:00:00,refund_request,,56,no
337,visitor_169,,2026-01-01T00:00:00,view,337,,no
338,,169,2026-01-01T00:00:00,add_to_cart,338,,no
339,visitor_170,,2026-01-01T00:00:00,delete_from_cart,339,,no
340,,170,2026-01-01T00:00:00,quantity,340,,yes
341,visitor_171,,2026-01-01T00:00:00,transaction,341,,no
342,,171,2026-01-01T00:00:00,refund_request,,57,no
343,visitor_172,,2026-01-01T00:00:00,view,343,,no
344,,172,2026-01-01T00:00:00,add_to_cart,344,,yes
345,visitor_173,,2026-01-01T00:00:00,delete_from_cart,345,,yes
346,,173,2026-01-01T00:00:00,quantity,346,,no
347,visitor_174,,2026-01-01T00:00:00,transaction,347,,no
348,,174,2026-01-01T00:00:00,refund_request,,58,no
349,visitor_175,,2026-01-01T00:00:00,view,349,,no
350,,175,2026-01-01T00:00:00,add_to_cart,350,,yes
351,visitor_176,,2026-01-01T00:00:00,delete_from_cart,351,,no
352,,176,2026-01-01T00:00:00,quantity,352,,no
353,visitor_177,,2026-01-01T00:00:00,transaction,353,,no
354,,177,2026-01-01T00:00:00,refund_request,,59,no
355,visitor_178,,2026-01-01T00:00:00,view,355,,no
356,,178,2026-01-01T00:00:00,add_to_cart,356,,no
357,visitor_179,,2026-01-01T00:00:00,delete_from_cart,357,,no
358,,179,2026-01-01T00:00:00,quantity,358,,no
359,visitor_180,,2026-01-01T00:00:00,transaction,359,,yes
360,,180,2026-01-01T00:00:00,refund_request,,60,yes
361,visitor_181,,2026-01-01T00:00:00,view,361,,no
362,,181,2026-01-01T00:00:00,add_to_cart,362,,no
363,visitor_182,,2026-01-01T00:00:00,delete_from_cart,363,,no
364,,182,2026-01-01T00:00:00,quantity,364,,yes
365,visitor_183,,2026-01-01T00:00:00,transaction,365,,yes
366,,183,2026-01-01T00:00:00,refund_request,,61,no
367,visitor_184,,2026-01-01T00:00:00,view,367,,no
368,,184,2026-01-01T00:00:00,add_to_cart,368,,no
369,visitor_185,,2026-01-01T00:00:00,delete_from_cart,369,,no
370,,185,2026-01-01T00:00:00,quantity,370,,yes
371,visitor_186,,2026-01-01T00:00:00,transaction,371,,no
372,,186,2026-01-01T00:00:00,refund_request,,62,no
373,visitor_187,,2026-01-01T00:00:00,view,373,,no
374,,187,2026-01-01T00:00:00,add_to_cart,374,,no
375,visitor_188,,2026-01-01T00:00:00,delete_from_cart,375,,yes
376,,188,2026-01-01T00:00:00,quantity,376,,no
377,visitor_189,,2026-01-01T00:00:00,transaction,377,,no
378,,189,2026-01-01T00:00:00,refund_request,,63,no
379,visitor_190,,2026-01-01T00:00:00,view,379,,no
380,,190,2026-01-01T00:00:00,add_to_cart,380,,yes
381,visitor_191,,2026-01-01T00:00:00,delete_from_cart,381,,no
382,,191,2026-01-01T00:00:00,quantity,382,,no
383,visitor_192,,2026-01-01T00:00:00,transaction,383,,no
384,,192,2026-01-01T00:00:00,refund_request,,64,no
385,visitor_193,,2026-01-01T00:00:00,view,385,,no
386,,193,2026-01-01T00:00:00,add_to_cart,386,,no
387,visitor_194,,2026-01-01T00:00:00,delete_from_cart,387,,no
388,,194,2026-01-01T00:00:00,quantity,388,,yes
389,visitor_195,,2026-01-01T00:00:00,transaction,389,,no
390,,195,2026-01-01T00:00:00,refund_request,,65,yes
391,visitor_196,,2026-01-01T00:00:00,view,391,,no
392,,196,2026-01-01T00:00:00,add_to_cart,392,,no
393,visitor_197,,2026-01-01T00:00:00,delete_from_cart,393,,no
394,,197,2026-01-01T00:00:00,quantity,394,,no
395,visitor_198,,2026-01-01T00:00:00,transaction,395,,yes
396,,198,2026-01-01T00:00:00,refund_request,,66,no
397,visitor_199,,2026-01-01T00:00:00,view,397,,no
398,,199,2026-01-01T00:00:00,add_to_cart,398,,no
399,visitor_200,,2026-01-01T00:00:00,delete_from_cart,399,,no
400,,200,2026-01-01T00:00:00,quantity,400,,yes
401,visitor_201,,2026-01-01T00:00:00,transaction,401,,yes
402,,201,2026-01-01T00:00:00,refund_request,,67,no
403,visitor_202,,2026-01-01T00:00:00,view,403,,no
404,,202,2026-01-01T00:00:00,add_to_cart,404,,yes
405,visitor_203,,2026-01-01T00:00:00,delete_from_cart,405,,yes
406,,203,2026-01-01T00:00:00,quantity,406,,no
407,visitor_204,,2026-01-01T00:00:00,transaction,407,,no
408,,204,2026-01-01T00:00:00,refund_request,,68,no
409,visitor_205,,2026-01-01T00:00:00,view,409,,no
410,,205,2026-01-01T00:00:00,add_to_cart,410,,yes
411,visitor_206,,2026-01-01T00:00:00,delete_from_cart,411,,no
412,,206,2026-01-01T00:00:00,quantity,412,,no
413,visitor_207,,2026-01-01T00:00:00,transaction,413,,no
414,,207,2026-01-01T00:00:00,refund_request,,69,no
415,visitor_208,,2026-01-01T00:00:00,view,415,,no
416,,208,2026-01-01T00:00:00,add_to_cart,416,,no
417,visitor_209,,2026-01-01T00:00:00,delete_from_cart,417,,no
418,,209,2026-01-01T00:00:00,quantity,418,,no
419,visitor_210,,2026-01-01T00:00:00,transaction,419,,yes
420,,210,2026-01-01T00:00:00,refund_request,,70,yes
421,visitor_211,,2026-01-01T00:00:00,view,421,,no
422,,211,2026-01-01T00:00:00,add_to_cart,422,,no
423,visitor_212,,2026-01-01T00:00:00,delete_from_cart,423,,no
424,,212,2026-01-01T00:00:00,quantity,424,,yes
425,visitor_213,,2026-01-01T00:00:00,transaction,425,,yes
426,,213,2026-01-01T00:00:00,refund_request,,71,no
427,visitor_214,,2026-01-01T00:00:00,view,427,,no
428,,214,2026-01-01T00:00:00,add_to_cart,428,,no
429,visitor_215,,2026-01-01T00:00:00,delete_from_cart,429,,no
430,,215,2026-01-01T00:00:00,quantity,430,,yes
431,visitor_216,,2026-01-01T00:00:00,transaction,431,,no
432,,216,2026-01-01T00:00:00,refund_request,,72,no
433,visitor_217,,2026-01-01T00:00:00,view,433,,no
434,,217,2026-01-01T00:00:00,add_to_cart,434,,no
435,visitor_218,,2026-01-01T00:00:00,delete_from_cart,435,,yes
436,,218,2026-01-01T00:00:00,quantity,436,,no
437,visitor_219,,2026-01-01T00:00:00,transaction,437,,no
438,,219,2026-01-01T00:00:00,refund_request,,73,no
439,visitor_220,,2026-01-01T00:00:00,view,439,,no
440,,220,2026-01-01T00:00:00,add_to_cart,440,,yes
441,visitor_221,,2026-01-01T00:00:00,delete_from_cart,441,,no
442,,221,2026-01-01T00:00:00,quantity,442,,no
443,visitor_222,,2026-01-01T00:00:00,transaction,443,,no
444,,222,2026-01-01T00:00:00,refund_request,,74,no
445,visitor_223,,2026-01-01T00:00:00,view,445,,no
446,,223,2026-01-01T00:00:00,add_to_cart,446,,no
447,visitor_224,,2026-01-01T00:00:00,delete_from_cart,447,,no
448,,224,2026-01-01T00:00:00,quantity,448,,yes
449,visitor_225,,2026-01-01T00:00:00,transaction,449,,no
450,,225,2026-01-01T00:00:00,refund_request,,75,yes
451,visitor_226,,2026-01-01T00:00:00,view,451,,no
452,,226,2026-01-01T00:00:00,add_to_cart,452,,no
453,visitor_227,,2026-01-01T00:00:00,delete_from_cart,453,,no
454,,227,2026-01-01T00:00:00,quantity,454,,no
455,visitor_228,,2026-01-01T00:00:00,transaction,455,,yes
456,,228,2026-01-01T00:00:00,refund_request,,76,no
457,visitor_229,,2026-01-01T00:00:00,view,457,,no
458,,229,2026-01-01T00:00:00,add_to_cart,458,,no
459,visitor_230,,2026-01-01T00:00:00,delete_from_cart,459,,no
460,,230,2026-01-01T00:00:00,quantity,460,,yes
461,visitor_231,,2026-01-01T00:00:00,transaction,461,,no
462,,231,2026-01-01T00:00:00,refund_request,,77,no
463,visitor_232,,2026-01-01T00:00:00,view,463,,no
464,,232,2026-01-01T00:00:00,add_to_cart,464,,yes
465,visitor_233,,2026-01-01T00:00:00,delete_from_cart,465,,yes
466,,233,2026-01-01T00:00:00,quantity,466,,no
467,visitor_234,,2026-01-01T00:00:00,transaction,467,,no
468,,234,2026-01-01T00:00:00,refund_request,,78,no
469,visitor_235,,2026-01-01T00:00:00,view,469,,no
470,,235,2026-01-01T00:00:00,add_to_cart,470,,yes
471,visitor_236,,2026-01-01T00:00:00,delete_from_cart,471,,no
472,,236,2026-01-01T00:00:00,quantity,472,,no
473,visitor_237,,2026-01-01T00:00:00,transaction,473,,no
474,,237,2026-01-01T00:00:00,refund_request,,79,no
475,visitor_238,,2026-01-01T00:00:00,view,475,,no
476,,238,2026-01-01T00:00:00,add_to_cart,476,,no
477,visitor_239,,2026-01-01T00:00:00,delete_from_cart,477,,no
478,,239,2026-01-01T00:00:00,quantity,478,,no
479,visitor_240,,2026-01-01T00:00:00,transaction,479,,yes
480,,240,2026-01-01T00:00:00,refund_request,,80,yes
481,visitor_241,,2026-01-01T00:00:00,view,481,,no
482,,241,2026-01-01T00:00:00,add_to_cart,482,,no
483,visitor_242,,2026-01-01T00:00:00,delete_from_cart,483,,no
484,,242,2026-01-01T00:00:00,quantity,484,,yes
485,visitor_243,,2026-01-01T00:00:00,transaction,485,,yes
486,,243,2026-01-01T00:00:00,refund_request,,81,no
487,visitor_244,,2026-01-01T00:00:00,view,487,,no
488,,244,2026-01-01T00:00:00,add_to_cart,488,,no
489,visitor_245,,2026-01-01T00:00:00,delete_from_cart,489,,no
490,,245,2026-01-01T00:00:00,quantity,490,,yes
491,visitor_246,,2026-01-01T00:00:00,transaction,491,,no
492,,246,2026-01-01T00:00:00,refund_request,,82,no
493,visitor_247,,2026-01-01T00:00:00,view,493,,no
494,,247,2026-01-01T00:00:00,add_to_cart,494,,no
495,visitor_248,,2026-01-01T00:00:00,delete_from_cart,495,,yes
496,,248,2026-01-01T00:00:00,quantity,496,,no
497,visitor_249,,2026-01-01T00:00:00,transaction,497,,no
498,,249,2026-01-01T00:00:00,refund_request,,83,no
499,visitor_250,,2026-01-01T00:00:00,view,499,,no
500,,250,2026-01-01T00:00:00,add_to_cart,500,,no